id,region_id,nivel_id,tipo,numero,clave,estatus,nomenclatura_id,sede,direccion,cp,ciudad,estado,fecha_inicio,fecha_fin
2,1,36,ACTIVO,59,D-II-59,ACTIVA,2,PANUCO,VENUSTIANO CARRANZA,93990,PÁNUCO,VERACRUZ,08/02/2023,08/02/2025
3,2,19,ACTIVO,13,D-III-13,ACTIVA,3,TUXPAN,CUAUHTEMOC 56 COLONIA DEL VALLE,92860,TUXPAN,VERACRUZ,10/02/2023,10/02/2026
4,2,39,ACTIVO,20,D-II-20,ACTIVA,2,TUXPAN,AV. CUAUHTEMOC NUM. 57 COLONIA DEL VALLE,92,TUXPAN,VERACRUZ,14/02/2023,14/02/2026
5,4,35,ACTIVO,77,D-I-77,ACTIVA,1,JUCHIQUE DE FERRER,MIGUEL HIDALGO,91440,JUCHIQUE DE FERRER,VERACRUZ,10/02/2023,10/02/2026
6,2,35,ACTIVO,94,D-I-94,ACTIVA,1,TAMIAHUA,AV. MIGUEL HIDALGO NO. 45 ZONA SUR,92560,TAMIAHUA,VERACRUZ,13/02/2023,13/02/2026
7,6,35,ACTIVO,8,D-I-08,ACTIVA,1,CARDEL,ENRIQUE C. RÉBSAMEN #55 COL. MAGISTERIAL,91653,JOSÉ CARDEL,VERACRUZ,07/02/2023,07/02/2026
8,2,35,ACTIVO,9,D-I-09,ACTIVA,1,CERRO AZUL,CARRETERA CERRO AZUL LOC. LA MORA,92540,CERRO AZUL,VERACRUZ,10/02/2023,10/02/2026
9,2,39,ACTIVO,22,D-II-22,ACTIVA,2,NARANJOS,CALLE CHONTLA  S/N. FRACCIONAMIENTO NUEVO NARANJOS,92310,NARANJOS AMATLÁN,VERACRUZ,14/02/2023,14/02/2026
10,7,39,ACTIVO,31,D-II-31,ACTIVA,2,COSCOMATEPEC,PRIVADA 2 NORTE SN,94470,FORTÍN,VERACRUZ,15/02/2023,15/02/2026
11,1,39,ACTIVO,35,D-II-35,ACTIVA,2,TANTOYUCA,"AV. REVOLUCIÓN S/N, COL. 10 DE MAYO",92122,TANTOYUCA,VERACRUZ,17/02/2023,17/02/2026
12,2,22,ACTIVO,53,D-II-53,ACTIVA,2,TUXPAN,"CUAUHTEMOC  #56, COL DEL VALLE",92800,TUXPAN,VERACRUZ,14/02/2023,14/02/2026
13,2,35,ACTIVO,57,D-I-57,ACTIVA,1,TUXPAN,AV. CUAUHTEMOC NO. 56 COL. DEL VALLE,92870,TUXPAN,VERACRUZ,10/02/2023,10/02/2026
14,2,35,ACTIVO,35,D-I-35,ACTIVA,1,NARANJOS,"CHONTLA S/N FRACCIONAMIENTO NUEVO NARANJOS, NARANJOS.",92310,NARANJOS AMATLÁN,VERACRUZ,10/02/2023,10/02/2026
15,2,35,ACTIVO,19,D-I-19,ACTIVA,1,CHONTLA,CALLE LIBERTAD S/N,92200,CHONTLA,VERACRUZ,15/02/2023,15/02/2026
16,2,35,ACTIVO,38,D-I-38,ACTIVA,1,OZULUAMA,"PASEO DEL VICHÍN S/N, ZONA CENTRO",92080,OZULUAMA,VERACRUZ,13/02/2023,13/02/2026
17,1,35,ACTIVO,71,D-I-71,ACTIVA,1,BENITO JUAREZ,"CALLE HIDALGO S/N, COL. CENTRO",92661,BENITO JUAREZ,VERACRUZ,15/02/2023,15/02/2026
18,2,34,ACTIVO,80,D-I-80,ACTIVA,1,TUXPAN,"AV. CUAUHTEMOC 57, COLONIA DEL VALLE",92875,TUXPAN,VERACRUZ,13/02/2023,13/02/2026
19,1,39,ACTIVO,50,D-II-50,ACTIVA,2,TEMPOAL,REPSAMEN # 4 COLONIA LA COBACHA,92065,TEMPOAL,VERACRUZ,17/02/2023,17/02/2025
20,4,39,ACTIVO,34,D-II-34,ACTIVA,2,MISANTLA,"C. DEL  POCITO S/N, ESQ. MANUEL RIVERA COL. 20 DE NOVIEMBRE",93821,MISANTLA,VERACRUZ,13/02/2023,13/02/2026
21,5,34,ACTIVO,60,D-I-60,ACTIVA,1,XALAPA,XANATI 72 MARCO ANTONIO MUÑOZ,91916,XALAPA,VERACRUZ,17/02/2023,17/02/2026
22,6,35,ACTIVO,43,D-I-43,ACTIVA,1,PIEDRAS NEGRAS,"COL. CENTRO PIEDRAS NEGRAS, TLALIXCOYAN.",95226,PIEDRAS NEGRAS,VERACRUZ,09/02/2023,09/02/2026
23,4,35,ACTIVO,93,D-I-93,ACTIVA,1,VEGA DE LA TORRE,IGNACIO ZARAGOZA 206 COLONIA CENTRO,93960,VEGA DE ALATORRE,VERACRUZ,10/02/2023,10/02/2026
24,4,19,ACTIVO,15,D-III-15,ACTIVA,3,MARTINEZ DE LA TORRE,RIVERA DEL RIO NO. 103 COLONIA EL MIRADOR,93600,MARTINEZ DE LA TORRE,VERACRUZ,13/02/2023,13/02/2026
25,9,37,ACTIVO,12,D-II-12,ACTIVA,2,TLACOTALPAN,PROLONGACIÓN JOSÉ MARÍA IGLESIAS S/N  COL. SAHOP,95460,TLACOTALPAN,VERACRUZ,09/02/2023,09/02/2026
26,4,35,ACTIVO,74,D-I-74,ACTIVA,1,TLAPACOYAN,PROLONGACIÓN ABASOLO S/N COL. MANUEL ALBERTO FERRER,93650,TLAPACOYAN,VERACRUZ,13/02/2023,12/02/2026
27,4,39,ACTIVO,32,D-II-32,ACTIVA,2,MARTINEZ DE LA TORRE,"RIBERA RÍO BOBOS NO. 103, COL. MIRADOR",93607,MARTÍNEZ DE LA TORRE,VERACRUZ,13/02/2023,13/02/2026
28,4,40,ACTIVO,42,D-II-42,ACTIVA,2,MARTINEZ DE LA TORRE,"EDIFICIO SINDICAL SITIO RIO BOBOS #109, COL. EL MIRADOR",93600,MARTÍNEZ DE LA TORRE,VERACRUZ,13/02/2023,13/02/2026
29,1,40,ACTIVO,37,D-II-37,ACTIVA,2,TANTOYUCA,EDIFICIO SINDICAL AV.REVOLUCIÓN S/N COLONIA 10 DE MAYO,92100,TANTOYUCA,VERACRUZ,07/02/2023,06/02/2026
30,4,39,ACTIVO,48,D-II-48,ACTIVA,2,SAN RAFAEL,DOMICILIO CONOCIDO. COLONIA CENTRO,93620,SAN RAFAEL,VERACRUZ,10/02/2023,10/02/2026
31,4,35,ACTIVO,30,D-I-30,ACTIVA,1,MARTINEZ DE LA TORRE,RIVERA DEL RIÓ #103 COL. MIRADOR,93600,MARTINEZ DE LA TORRE,VERACRUZ,10/02/2023,10/02/2026
32,4,35,ACTIVO,33,D-I-33,ACTIVA,1,MISANTLA,CALLE POSITO S/N COL. 20 DE NOVIEMBRE,93821,MISANTLA,VERACRUZ,10/02/2023,10/02/2026
33,9,6,ACTIVO,14,D-II-14,ACTIVA,2,ALVARADO,PARQUE 15 DE OCTUBRE,95270,ALVARADO,VERACRUZ,11/02/2023,11/02/2026
34,6,35,ACTIVO,58,D-I-58,ACTIVA,1,VERACRUZ,MIGUEL HIDALGO 515 COL. CENTRO,91700,VERACRUZ,VERACRUZ,15/02/2023,15/02/2026
35,6,19,ACTIVO,18,D-III-18,ACTIVA,3,CARDEL,AVENIDA ROBLES 37 COL GRAL. VICENTE GUERRERO,91680,CARDEL,VERACRUZ,09/02/2023,09/02/2026
36,9,34,ACTIVO,79,D-I-79,ACTIVA,1,ALVARADO,PARQUE 15 DE OCTUBRE S/N CENTRO,95270,ALVARADO,VERACRUZ,08/02/2023,08/02/2026
37,7,35,ACTIVO,23,D-I-23,ACTIVA,1,HUATUSCO,CALLE 11 SUR S/N ENTRE AV 7 Y 9,94100,HUATUSCO DE CHICUELLAR,VERACRUZ,07/02/2023,07/02/2026
38,5,39,ACTIVO,58,D-II-58,ACTIVA,2,XALAPA,,0,XALAPA,VERACRUZ,13/02/2023,13/04/2026
39,7,27,ACTIVO,66,D-I-66,ACTIVA,1,CORDOBA,FRACCIONAMIENTO VISTA HERMOSA  AV NARDO #3520  ENTRE CALLES TULIPÁN Y JAZMÍN,94677,CÓRDOBA,VERACRUZ,13/02/2023,13/02/2026
40,4,34,ACTIVO,88,D-I-88,ACTIVA,1,MARTINEZ DE LA TORRE,RIVERA DEL RIO  NO.103 EL MIRADOR,93600,MARTINEZ DE LA TORRE,VERACRUZ,10/02/2023,10/02/2026
41,8,34,ACTIVO,78,D-I-78,ACTIVA,1,ORIZABA,SUR 6 331,94370,ORIZABA,VERACRUZ,10/02/2023,10/02/2026
42,10,35,ACTIVO,48,D-I-48,ACTIVA,1,SAN ANDRES TUXTLA,ARTIGAS 287,95700,SAN ANDRÉS TUXTLA,VERACRUZ,10/02/2023,06/02/2026
43,7,35,ACTIVO,36,D-I-36,ACTIVA,1,OMEALCA,CALLE JOSE MARIA MORELOS,94900,OMEALCA,VERACRUZ,09/02/2023,09/02/2026
44,7,30,ACTIVO,14,D-I-14,ACTIVA,1,CORDOBA,"CALLE 21, ENTRE AVENIDA 11 Y 9 COLONIA HUILANGO",94640,CÓRDOBA,VERACRUZ,08/02/2023,08/02/2026
45,10,35,ACTIVO,25,D-I-25,ACTIVA,1,ISLA,NARCISO MENDOZA SUR 117 COL. MARIANO AGUIRRE USCANGA,95645,ISLA,VERACRUZ,13/02/2023,17/02/2023
46,9,32,ACTIVO,29,D-II-29,ACTIVA,2,TLACOTALPAN,PROLONGACIÓN VENUSTIANO CARRANZA S/N,95460,TLACOTALPAN,VERACRUZ,09/02/2023,09/02/2026
47,10,39,ACTIVO,16,D-II-16,ACTIVA,2,SAN ANDRES TUXTLA,"CALLE DR.  ARTIGAS # 297, COLONIA CENTRO",95700,SAN ANDRÉS TUXTLA,VERACRUZ,10/02/2023,10/02/2026
48,5,38,ACTIVO,84,D-I-84,ACTIVA,1,XALAPA,SEASTIAN CAMACHO 59,91000,XALAPA,VERACRUZ,13/02/2023,13/02/2026
49,10,35,ACTIVO,45,D-I-45,ACTIVA,1,PLAYA VICENTE,JUAN DE LA LUZ ENRIQUEZ S/N. COL. LAS PALMAS,95600,PLAYA VICENTE,VERACRUZ,13/02/2023,13/02/2026
50,10,39,ACTIVO,28,D-II-28,ACTIVA,2,ISLA,C. LUIS DONALDO COLOSIO,95674,EL BLANCO,VERACRUZ,13/02/2023,13/02/2026
51,9,37,ACTIVO,10,D-II-10,ACTIVA,2,ALVARADO,NETZAHULCOYOTL,95270,ALVARADO,VERACRUZ,07/02/2023,07/02/2026
52,9,34,ACTIVO,63,D-I-63,ACTIVA,1,COSAMALOAPAN,NICOLAS BRAVO S/N,95390,COSAMALOAPAN,VERACRUZ,08/02/2023,08/02/2026
53,10,35,ACTIVO,29,D-I-29,ACTIVA,1,LERDO DE TEJADA,"GUADALUPE VICTORIA #12, COL. CENTRO",95280,LERDO DE TEJADA,VERACRUZ,13/02/2023,13/02/2026
54,10,34,ACTIVO,89,D-I-89,ACTIVA,1,ISLA,GUADALUPE VICTORIA S/N,95640,ISLA,VERACRUZ,13/02/2023,13/02/2026
55,10,39,ACTIVO,51,D-II-51,ACTIVA,2,SANTIAGO TUXTLA,"CALLE 25 DE OCTUBRE S/N, BARRIO SUR",95841,ANGEL R. CABADA,VERACRUZ,10/02/2023,10/02/2026
56,10,35,ACTIVO,68,D-I-68,ACTIVA,1,SANTIAGO TUXTLA,MAGDA MORENO DE CARVAJAL COL. BARRIO BUENA VISTA,95830,SANTIAGO TUXTLA,VERACRUZ,10/02/2023,10/02/2026
57,8,35,ACTIVO,27,D-I-37,ACTIVA,1,IXTACZOQUITLAN,"NORTE 2, EDIFICIO PARROQUIA 2° PISO DEPT. 4, COL. CENTRO",94300,ORIZABA,VERACRUZ,09/02/2023,09/02/2026
58,5,1,ACTIVO,4,D-III-04,ACTIVA,3,XALAPA,MANUEL DE BOZA 38,91030,DEL MAESTRO,VERACRUZ,09/02/2023,09/02/2026
59,5,39,ACTIVO,21,D-II-21,ACTIVA,2,XALAPA,"GOBERNADOR EMPARAN NO. 55 ESQUINA PRIMAVERA, COLONIA TATAHUICAPAN",91060,XALAPA,VERACRUZ,15/02/2023,15/02/2026
60,7,24,ACTIVO,9,D-II-09,ACTIVA,2,CORDOBA,AVENIDA 11 NO. 2800 COLONIA LOS MAESTROS,94550,CÓRDOBA,VERACRUZ,07/02/2023,07/02/2023
61,5,39,ACTIVO,46,D-II-46,ACTIVA,2,XALAPA,CALLE JOSÉ EMPARAN  NO. 55 ESQUINA CALLLE PRIMAVERA,91060,XALAPA,VERACRUZ,07/02/2023,06/02/2026
62,10,34,ACTIVO,41,D-I-41,ACTIVA,1,SAN ANDRES TUXTLA,CALLE DOCTOR RAFAEL ARTIGAS  NO 297. COLONIA CENTRO.,95710,SAN ANDRÉS TUXTLA,VERACRUZ,10/02/2023,10/02/2026
63,8,35,ACTIVO,65,D-I-65,ACTIVA,1,ZONGOLICA,"ZONGOLICA,VER",95000,ZONGOLICA,VERACRUZ,10/02/2023,10/02/2026
64,8,35,ACTIVO,55,D-I-55,ACTIVA,1,SAN JUAN TEXHUACAN,SAN JUAN TEXHUACAN,95070,TEXHUACAN,VERACRUZ,13/02/2023,13/02/2026
65,8,35,ACTIVO,10,D-I-10,ACTIVA,1,CIUDAD MENDOZA,IGNACIO ZARAGOZA   NO.7      ENTRE MARTIRES DE CHICAGO Y RAFAEL DELGADO    COL. AGUILA,94740,MENDOZA,VERACRUZ,10/02/2023,10/02/2026
66,8,35,ACTIVO,54,D-I-54,ACTIVA,1,TEQUILA,AV. INSURGENTES S/N COL. CENTRO,94840,TEQUILA,VERACRUZ,13/02/2023,13/02/2026
67,5,31,ACTIVO,1,D-III-01,ACTIVA,3,XALAPA,"CALLE XANATI 8, COL ELECTRICISTAS",91060,XALAPA,VERACRUZ,09/02/2023,09/02/2026
68,7,19,ACTIVO,11,D-III-11,ACTIVA,3,CORDOBA,AV. LOS PINOS #62A SHANGRILA SANTA LETICIA,94470,FORTIN DE LAS FLORES,VERACRUZ,07/02/2023,07/02/2027
69,5,35,ACTIVO,5,D-I-05,ACTIVA,1,ALTOTONGA,"PROLONGACION DE ALLENDE NO. 101, BARRIO DE ATALPAS",93700,ALTOTONGA,VERACRUZ,09/02/2023,09/02/2026
70,5,20,ACTIVO,92,D-I-92,ACTIVA,1,XALAPA,,0,,VERACRUZ,08/02/2023,08/02/2026
71,1,34,ACTIVO,90,D-I-90,ACTIVA,1,TANTOYUCA,,92101,TANTOYUCA,VERACRUZ,08/02/2023,08/02/2026
72,1,35,ACTIVO,87,D-I-87,ACTIVA,1,IXCATEPEC,C. VICENTE GUERRERO SIN NUMERO. PRIMERA SECCIÓN.,92270,IXCATEPEC,VERACRUZ,15/02/2023,13/02/2026
73,8,40,ACTIVO,17,D-II-17,ACTIVA,2,ORIZABA,CALLE FRESNO #108 COL. PRADO,94740,CAMERINO Z. MENDOZA,VERACRUZ,09/02/2023,09/02/2026
74,8,39,ACTIVO,26,D-II-26,ACTIVA,2,ORIZABA,"NORTE2 #192, DEPARTAMENTO 4, OFICINA 2B, COLONIA: CENTRO",94300,ORIZABA,VERACRUZ,15/02/2023,16/02/2026
75,8,35,ACTIVO,3,D-I-03,ACTIVA,1,ACULTZINGO,SALVADOR GONZALO GARCÍA 1205. COL. SIDAR.,94745,CD. MENDOZA,VERACRUZ,10/02/2023,10/02/2026
76,9,39,ACTIVO,27,D-II-27,ACTIVA,2,TIERRA BLANCA,CALLE MORELOS ESQUINA AGRARISTA. COL. HOJA DEL MAÍZ.,95110,TIERRA BLANCA,VERACRUZ,15/02/2023,15/02/2026
77,8,19,ACTIVO,5,D-III-05,ACTIVA,3,ORIZABA,,0,,VERACRUZ,13/02/2023,13/02/2026
78,1,34,ACTIVO,91,D-I-91,ACTIVA,1,PANUCO,CALLE AYUNTAMIENTO COL. BURÓCRATA,93998,PÁNUCO,VERACRUZ,09/02/2023,09/02/2026
79,1,35,ACTIVO,44,D-I-44,ACTIVA,1,PLATON SANCHEZ,,93148,PLATON SÁNCHEZ,VERACRUZ,07/02/2023,07/02/2026
80,5,19,ACTIVO,16,D-III-16,ACTIVA,3,COATEPEC,JUAN SOTO #88,91270,COATEPEC,VERACRUZ,09/02/2023,09/02/2026
81,7,34,ACTIVO,64,D-I-64,ACTIVA,1,CORDOBA,AVENIDA 10 PRIVADA CALLES 20 Y 16,94510,CÓRDOBA,VERACRUZ,07/02/2023,07/02/2026
82,5,40,ACTIVO,38,D-II-38,ACTIVA,2,XALAPA,,0,XALAPA,VERACRUZ,07/02/2023,07/02/2026
83,5,32,ACTIVO,13,D-II-13,ACTIVA,2,XALAPA,AV.XALAPA S/N,91010,XALAPA,VERACRUZ,10/02/2023,10/02/2026
84,1,35,ACTIVO,51,D-I-51,ACTIVA,1,TANTOYUCA,REVOLUCIÓN ESQ. CON CARRETERA NACIONAL MEXICO-TUXPAN COL. REFORMA,92101,TANTOYUCA,VERACRUZ,08/02/2023,08/02/2026
85,5,15,ACTIVO,15,D-II-15,ACTIVA,2,XALAPA,BENITO JUÁREZ 57,91000,XALAPA,VERACRUZ,07/02/2023,07/02/2026
86,1,35,ACTIVO,52,D-I-52,ACTIVA,1,TEMPOAL,CLLE.URSULO GALVAN ESQ.AV.5 DE MAYO S/N COLONIA 20 DE NOVIEMBRE,92061,TEMPOAL,VERACRUZ,07/02/2023,07/02/2026
87,5,4,ACTIVO,8,D-III-08,ACTIVA,3,XALAPA,PASAJE REVOLUCIÓN ALTOS S/N,91000,XALAPA,VERACRUZ,10/02/2023,09/02/2026
88,5,42,ACTIVO,24,D-II-24,ACTIVA,2,XALAPA,"AV. JUSTINO SARMIENTO S/N, ENTRE AV. AMÉRICAS Y CALLE PICO DE ORIZABA. COLONIA LADERA DEL MACUILTEPETL",91133,XALAPA,VERACRUZ,09/02/2023,09/02/2026
89,6,35,ACTIVO,7,D-I-07,ACTIVA,1,BOCA DEL RIO,CALLE ELECTRICISTAS NO. 244,91918,VERACRUZ,VERACRUZ,07/02/2023,07/02/2026
90,1,35,ACTIVO,39,D-I-39,ACTIVA,1,PANUCO,COL. BUROCRATA CALLE AYUNTAMIENTO,93998,PÁNUCO,VERACRUZ,08/02/2023,08/02/2026
91,1,19,ACTIVO,17,D-III-17,ACTIVA,3,TANTOYUCA,CALLE NIÑOS HÉROES 413,92127,TANTOYUCA,VERACRUZ,07/02/2023,07/02/2026
92,9,6,ACTIVO,43,D-II-43,ACTIVA,2,ALVARADO,NEZAHUALCÓYOTL 8,95270,ALVARADO,VERACRUZ,07/02/2023,06/02/2026
93,9,35,ACTIVO,6,D-I-06,ACTIVA,1,ALVARADO,PARQUE 15 DE OCTUBRE COL CENTRO,95270,ALVARADO,VERACRUZ,07/02/2023,07/02/2026
94,5,7,ACTIVO,3,D-II-03,ACTIVA,2,XALAPA,AV. ADOLFO RUIZ CORTINES 2901 COL. UNIDAD MAGISTERIAL,91010,XALAPA,VERACRUZ,14/02/2023,14/02/2026
95,9,35,ACTIVO,56,D-I-56,ACTIVA,1,TIERRA BLANCA,CALLE MORELOS ESQUINA AGRARISTA. COL. HOJA DEL MAÍZ.,95110,TIERRA BLANCA,VERACRUZ,09/02/2023,09/02/2026
96,5,34,ACTIVO,81,D-I-81,ACTIVA,1,COATEPEC,JUAN SOTO # 88,91500,COATEPEC,VERACRUZ,13/02/2023,13/02/2026
97,5,30,ACTIVO,61,D-I-61,ACTIVA,1,XALAPA,"CALLE JOSE MARIA PINO SUÁREZ NO. 5, ZONA CENTRO.",91000,XALAPA,VERACRUZ,14/02/2023,14/02/2026
98,1,35,ACTIVO,72,D-I-72,ACTIVA,1,PUEBLO VIEJO,,0,,VERACRUZ,07/02/2023,07/02/2026
99,5,35,ACTIVO,53,D-I-53,ACTIVA,1,TEOCELO,MATAMOROS 4,91615,TEOCELO,VERACRUZ,10/02/2023,10/02/2026
100,5,2,ACTIVO,3,D-III-03,ACTIVA,3,XALAPA,SEBASTIAN CAMACHO NO. 59,91000,XALAPA,VERACRUZ,10/02/2023,10/02/2026
101,5,35,ACTIVO,11,D-I-11,ACTIVA,1,COATEPEC,JUAN SOTO #88 COL. CENTRO,91500,COATEPEC,VERACRUZ,08/02/2023,08/02/2026
102,5,35,ACTIVO,34,D-I-34,ACTIVA,1,NAOLINCO,MORELOS # 18 COL. CENTRO,91400,NAOLINCO,VERACRUZ,07/02/2023,07/04/2026
103,5,3,ACTIVO,24,D-III-24,ACTIVA,3,XALAPA,MURILLO VIDAL S/N,91000,XALAPA,VERACRUZ,08/02/2023,09/02/2026
104,5,35,ACTIVO,75,D-I-75,ACTIVA,1,CARRIZAL,,91630,VILLA EMIIANO ZAPATA (CARRIZAL),VERACRUZ,10/02/2023,10/02/2026
105,5,19,ACTIVO,23,D-III-23,ACTIVA,3,XALAPA,"JOSÉ MA. PINO SUÁREZ 4, COLONIA CENTRO",91000,XALAPA,VERACRUZ,08/02/2023,07/02/2026
106,5,35,ACTIVO,20,D-I-20,ACTIVA,1,EMILIANO ZAPATA,EDIFICIO XANATI S/N MARCO ANTONIO MUÑOZ,91060,XALAPA,VERACRUZ,10/02/2023,10/02/2026
107,5,14,ACTIVO,4,D-II-04,ACTIVA,2,XALAPA,,,,,08/02/2023,08/02/2026
108,5,29,JUBILADO,18,D-IV-18,ACTIVA,4,ALTOTONGA,PROLONGACION IGNACIO ALLENDE  NO 5,93700,ALTOTONGA,VERACRUZ,07/02/2023,07/02/2026
109,2,29,JUBILADO,9,D-IV-09,ACTIVA,4,TUXPAN,CUAUHTÉMOC # 56 COL. DEL VALLE,92875,TUXPAN,VERACRUZ,24/03/2023,24/03/2026
110,4,29,JUBILADO,28,D-IV-28,ACTIVA,4,MISANTLA,"C. DEL POCITO S/N ESQ. MANUEL RIVERA, COL. 20 DE NOVIEMBRE",93828,MISANTLA,VERACRUZ,22/03/2023,31/03/2023
111,4,29,JUBILADO,8,D-IV-08,ACTIVA,4,MARTINEZ DE LA TORRE,C. RIO BOBOS #109 VOL. EL MIRADOR,93600,MARTINEZ DE LA TORRE,VERACRUZ,24/03/2023,24/03/2026
112,6,29,JUBILADO,5,D-IV-05,ACTIVA,4,SOLEDAD DE DOBLADO,FRANCISCO JAVIER MINA S/N,94244,SOLEDAD DE DOBLADO,VERACRUZ,24/03/2023,24/03/2026
113,10,29,JUBILADO,3,D-IV-03,ACTIVA,4,SAN ANDRES TUXTLA,DR. ARTIAGAS #297,95700,SAN ANDRES TUXTLA,VERACRUZ,24/03/2023,24/03/2026
114,10,29,JUBILADO,26,D-IV-26,ACTIVA,4,ISLA,"CALLE  GUADALUPE VICTORIA  S/N , COL. CENTRO.",95641,ISLA,VERACRUZ,16/02/2023,16/02/2026
115,9,29,JUBILADO,6,D-IV-06,ACTIVA,4,COSAMALOAPAN,AV. MANUEL CARPIO 402,95400,COSAMALOAPAN,VERACRUZ,08/02/2023,08/02/2026
116,8,29,JUBILADO,32,D-IV-32,ACTIVA,4,ZONGOLICA,PROLONGACIÓN DE BENITO JUÁREZ S/N.,95000,ZONGOLICA,VERACRUZ,13/02/2023,13/02/2026
117,8,29,JUBILADO,7,D-IV-07,ACTIVA,4,ORIZABA,SUR 6 NO. 631,94300,ORIZABA,VERACRUZ,10/02/2023,10/02/2026
118,5,29,JUBILADO,17,D-IV-17,ACTIVA,4,COATEPEC,JUAN SOTO #88 COL. CENTRO,91500,COATEPEC,VERACRUZ,07/02/2023,07/02/2026
119,7,29,JUBILADO,16,D-IV-16,ACTIVA,4,CORDOBA,AV. SAN MARCIAL NO. 42 COL. SANTA LETICIA,94476,FORTIN,VERACRUZ,08/02/2023,08/02/2026
120,9,29,JUBILADO,21,D-IV-21,ACTIVA,4,ALVARADO,PARQUE 15 DE OCTUBRE # 1,95270,ALVARADO,VERACRUZ,07/02/2023,07/02/2025
121,5,29,JUBILADO,2,D-IV-02,ACTIVA,4,XALAPA,XANATI 82. COL MARCO ANTONIO MUÑOZ,91060,XALAPA,VERACRUZ,13/02/2023,13/02/2026
122,1,29,JUBILADO,13,D-IV-13,ACTIVA,4,TANTOYUCA,"CALLE LAS FLORES #55, COL. RUIZ CORTINES",92123,TANTOYUCA,VERACRUZ,13/02/2023,13/02/2026
123,4,25,CT,5,C.T.05,ACTIVA,5,MISANTLA,KM. 2.5 CARRETERA MISANTLA- MARTÍNEZ. COLONIA MARCO ANTONIO MUÑOZ T.,93820,MISANTLA,VERACRUZ,14/02/2023,14/02/2026
124,5,12,CT,23,C.T.23,ACTIVA,5,XALAPA,ESC BACH. MAESTRO JOAQUIN RAMIEZ MIXTO MARIA ENRIQUETA  3,91500,COATEPEC,VERACRUZ,11/02/2023,11/02/2025
125,4,36,CT,9,C.T.09,ACTIVA,5,SAN RAFAEL,"AV. JUAN DE DIOS PEZA, ESQ. DOROTEO ARANGO, COL. 13 DE DICIEMBRE.",93620,SAN RAFAEL,VERACRUZ,14/02/2023,14/02/2026
126,8,36,CT,13,C.T.13,ACTIVA,5,CIUDAD MENDOZA,CALLE JUSTO SIERRA SIN NÚMERO,94744,CAMERINO Z. MENDOZA,VERACRUZ,10/02/2023,10/02/2026
127,4,6,CT,29,C.T.29,ACTIVA,5,MARTINEZ DE LA TORRE,BOULEVARD RAFAEL MARTINEZ DE LA TORRE S/N COL EJIDAL,93600,MARTINEZ DE LA TORRE,VERACRUZ,14/02/2023,14/02/2026
128,10,37,CT,36,C.T.36,ACTIVA,5,SANTIAGO TUXTLA,PROLONGACIÓN PRIMERO DE MAYO S/N COL. PENJAMO,95830,SANTIAGO TUXTLA,VERACRUZ,10/02/2023,10/02/2026
129,5,5,CT,20,C.T.20,ACTIVA,5,XALAPA,AV. RUIZ CORTINAS 2901,91010,XALAPA,VERACRUZ,11/02/2023,11/02/2026
130,5,13,CT,3,C.T.03,ACTIVA,5,XALAPA,JOSE MA.PINO SUAREZ 4 COL. CENTRO,91000,XALAPA ENRIQUEZ,VERACRUZ,11/02/2023,11/02/2026
131,5,9,CT,21,C.T.21,ACTIVA,5,XALAPA,"CIRCUITO GONZALO AGUIRRE BELTRAN, LOMAS DEL ESTADIO.",91000,XALAPA,VERACRUZ,11/02/2023,11/02/2026
132,8,6,CT,14,C.T.14,ACTIVA,5,ORIZABA,NORTE 4 NO. 4 ENTRE AV. COLÓN Y ORIENTE 3,94300,ORIZABA,VERACRUZ,10/02/2023,10/02/2026
133,6,36,CT,10,C.T.10,ACTIVA,5,SOLEDAD DE DOBLADO,VICENTE GUERRERO #105,94240,SOLEDAD DE DOBLADO,VERACRUZ,08/02/2023,08/02/2026
134,8,39,CT,40,C.T.40,ACTIVA,5,ZONGOLICA,CALLE BENITO JUÁREZ S/N,0,ZONGOLICA,VERACRUZ,16/02/2023,15/02/2026
135,6,36,CT,32,C.T.32,ACTIVA,5,CARDEL,EMILIANO ZAPATA 15,91680,JOSÉ CARDEL,VERACRUZ,09/02/2023,09/02/2025
136,1,36,CT,7,C.T.07,ACTIVA,5,IXCATEPEC,ART. 3° CON FCO. P. MARIEL 2A SECCION,92270,IXCATEPEC,VERACRUZ,09/02/2023,09/02/2025
137,6,42,CT,31,C.T.31,ACTIVA,5,VERACRUZ,"CALLE BAHAMAS NÚM. 2222 PASEO FLORESTA ORIENTE HAITÍ, COL. LAS ANTILLAS,(ESC. SEC. TÉC. NO. 123)",91940,VERACRUZ,VERACRUZ,11/02/2023,11/02/2026
138,5,33,CT,33,C.T.33,ACTIVA,5,XALAPA,BLVD. CULTURAS VERACRUZANAS 752,91010,XALAPA,VERACRUZ,08/02/2023,07/02/2026
139,5,39,ACTIVO,55,D-II-55,ACTIVA,2,XALAPA,"CALLE GOBERNADOR EMPARAN NO. 55, ESQUINA PRIMAVERA, COL. TATAHUICAPAN",91060,XALAPA,VERACRUZ,04/11/2024,03/11/2027
140,5,17,CT,24,C.T.24,ACTIVA,5,XALAPA,CALLE RÍO TECOLUTLA #33 COL. CUAUHTÉMOC,91069,XALAPA,VERACRUZ,07/02/2023,07/02/2026
141,11,35,ACTIVO,28,D-I-28,ACTIVA,1,JESUS CARRANZA,HIDALGO SUR 23-B,96150,SAYULA DE ALEMSN,VERACRUZ,15/02/2023,15/02/2026
142,11,35,ACTIVO,2,D-I-02,ACTIVA,1,ACAYUCAN,AV.MIGUEL HIDALGO 1710      BARRIO LA PALMA,96056,ACAYUCAN,VERACRUZ,15/02/2023,15/02/2026
143,3,39,ACTIVO,25,D-II-25,ACTIVA,2,ESPINAL,ESPINAL S/N,93180,ESPINAL,VERACRUZ,28/03/2025,18/03/2026
144,11,27,ACTIVO,31,D-I-31,ACTIVA,1,MINATITLAN,COLONIA CUALIPAN,96710,MINATITLAN,VERACRUZ,14/02/2023,14/02/2026
145,11,35,ACTIVO,17,D-I-17,ACTIVA,1,COSOLEACAQUE,QUETZALCOATL # 2 CONJUNTO HABITACIONAL CUALIPAN,96734,MINATITLAN,VERACRUZ,15/02/2023,15/02/2026
146,3,35,ACTIVO,26,D-I-26,ACTIVA,1,IXHUATLAN DE MADERO,16 DE SEPTIEMBRE S/N BARRIO POCHOCO,92680,IXHUATLAN DE MADERO,VERACRUZ,08/02/2023,08/02/2026
147,1,32,ACTIVO,1,D-II-01,ACTIVA,2,ACECECA,CARRETERA PLATÓN SANCHEZ SIN NÚMERO,0,TANTOYUCA,VERACRUZ,15/02/2023,15/02/2026
148,3,40,ACTIVO,54,D-II-54,ACTIVA,2,ALAMO,"FELIPE ÁNGELES, COLONIA AVIACIóN",92730,ÁLAMO TEMAPACHE,VERACRUZ,12/02/2024,02/03/2026
149,11,35,ACTIVO,1,D-I-01,ACTIVA,1,ACAYUCAN,RAMÓN CORONA,96290,JÁLTIPAN,VERACRUZ,13/02/2023,13/02/2026
150,3,34,ACTIVO,83,D-I-83,ACTIVA,1,POZA RICA,NARCISO MENDOZA  COL TAJIN,93310,POZA RICA DE HGO VERACRUZ,VERACRUZ,09/02/2023,09/02/2026
151,7,19,ACTIVO,21,D-III-21,ACTIVA,3,HUATUSCO,ESCUELA PRIMARIA MATUTINA NICOLÁS BRAVO. CALLE GRAL. NICOLÁS BRAVO # 41. COLONIA CENTRO.,94100,COSCOMATEPEC,VERACRUZ,15/02/2023,15/02/2026
152,7,35,ACTIVO,22,D-I-22,ACTIVA,1,FORTIN,PRIVADA 2A NORTE DEL CENTRO DE FORTIN,0,FORTIN,VERACRUZ,08/02/2023,08/02/2023
153,11,18,ACTIVO,86,D-I-86,ACTIVA,1,ACAYUCAN,SIN DIRECCION,96010,ACAYUCAN,VERACRUZ,16/02/2023,16/02/2026
154,3,35,ACTIVO,69,D-I-69,ACTIVA,1,TIHUATLAN,MAESTROS VERACRUZANOS S/N COL. MAGISTERIAL,92900,TIHUATLAN,VERACRUZ,07/02/2023,09/02/2026
155,7,35,ACTIVO,16,D-I-16,ACTIVA,1,COSCOMATEPEC,CALLE REFORMA S/N ( 1RA. PRIVADA ),94140,COSCOMATEPEC,VERACRUZ,07/02/2023,07/02/2026
156,3,39,ACTIVO,47,D-II-47,ACTIVA,2,PAPANTLA,SALIDA A LA CONCHA # 309. COLONIA 10 DE ABRIL.,93429,PAPANTLA,VERACRUZ,08/02/2023,08/02/2026
157,3,19,ACTIVO,12,D-III-12,ACTIVA,3,POZA RICA,"LAS FLORES 124, COLONIA SANTA EMILIA",93210,POZA RICA DE HIDALGO,VERACRUZ,14/02/2023,14/02/2026
158,11,39,ACTIVO,44,D-II-44,ACTIVA,2,ACAYUCAN,ESFUERZO 8,96250,JALTIPAN,VERACRUZ,14/02/2023,13/02/2026
159,11,40,ACTIVO,52,D-II-52,ACTIVA,2,COATZACOALCOS,5 DE FEBRERO #67 COLONIA SANTA CLARA,96730,MINATITLAN,VERACRUZ,15/02/2023,15/02/2026
160,11,36,ACTIVO,23,D-II-23,ACTIVA,2,COATZACOALCOS,AND. KUMIAI 6. COL. FOVISSSTE 2,96537,COATZACOALCOS,VERACRUZ,15/02/2023,15/02/2026
161,3,35,ACTIVO,24,D-I-24,ACTIVA,1,HUAYACOCOTLA,CALLE CAMPO DEPORTIVO LAZARO CÁRDENAS,92600,HUAYACOCOTLA,VERACRUZ,09/02/2023,09/02/2026
162,3,35,ACTIVO,40,D-I-40,ACTIVA,1,PAPANTLA,SALVADOR DÍAZ MIRÓN CON CALLE CARRIL,93400,PAPANTLA,VERACRUZ,07/02/2023,07/02/2026
163,3,35,ACTIVO,21,D-I-21,ACTIVA,1,ESPINAL,CALLE PROGRESO S/N COLONIA CENTRO,93180,ESPINAL,VERACRUZ,07/02/2023,07/02/2026
164,3,34,ACTIVO,85,D-I-85,ACTIVA,1,PAPANTLA,SALVADOR DÍAZ MIRÓN ESQUINA CARRIL,93400,PAPANTLA,VERACRUZ,09/02/2023,09/02/2026
165,3,35,ACTIVO,46,D-I-46,ACTIVA,1,POZA RICA,NARCISO MENDOZA 112 COLONIA TAJIN,93330,POZA RICA,VERACRUZ,14/02/2023,14/02/2026
166,3,35,ACTIVO,67,D-I-67,ACTIVA,1,GUTIERREZ ZAMORA,"CALLE ABASOLO  #44, COL. CENTRO",93556,GUTIÉRREZ ZAMORA,VERACRUZ,09/02/2023,09/02/2026
167,11,27,ACTIVO,12,D-I-12,ACTIVA,1,COATZACOALCOS,JUAN ALVAREZ MOD. O DPTO. 102 PLAYA SOL,96518,COATZACOALCOS VERACRUZ,VERACRUZ,17/02/2023,17/02/2026
168,3,40,ACTIVO,41,D-II-41,ACTIVA,2,POZA RICA,NARCISO MENDOZA #112 COL. TAJIN,93330,POZA RICA DE HIDALGO,VERACRUZ,07/02/2023,07/02/2026
169,3,39,ACTIVO,19,D-II-19,ACTIVA,2,ALAMO,CALLE TALLERES COLONIA TALLERES,92730,ÁLAMO TEMAPACHE,VERACRUZ,07/02/2023,07/02/2026
170,11,35,ACTIVO,49,D-I-49,ACTIVA,1,SAYULA DE ALEMAN,HIDALGO NORTE S/N,96150,SAYULA DE ALEMAN,VERACRUZ,14/02/2023,14/02/2026
171,11,34,ACTIVO,59,D-I-59,ACTIVA,1,ACAYUCAN,PROLONGACION LERDO #109 INTERIOR ENTRE LAS FLORES Y VAZQUEZ GOMEZ COL. VILLALTA,9026,ACAYUCAN,VERACRUZ,17/02/2023,17/02/2026
172,11,39,ACTIVO,45,D-II-45,ACTIVA,2,COATZACOALCOS,CUAUHTÉMOC 608,96400,COATZACOALCOS,VERACRUZ,15/02/2023,15/02/2026
173,11,19,ACTIVO,22,D-III-22,ACTIVA,3,COATZACOALCOS,LUCAS ALAMAN 1000-4 COL. BENITO JUAREZ NORTE,96576,COATZACOALCOS,VERACRUZ,17/02/2023,17/02/2026
174,11,30,ACTIVO,32,D-I-32,ACTIVA,1,MINATITLAN,QUETZALCOATL #2,96729,CUALIPAN,VERACRUZ,14/02/2023,14/02/2026
175,1,35,ACTIVO,18,D-I-18,ACTIVA,1,CHICONTEPEC,LIBERTAD S/N,92700,CHICONTEPEC,VERACRUZ,15/02/2023,15/02/2026
176,3,39,ACTIVO,57,D-II-57,ACTIVA,2,HUAYACOCOTLA,CALLE LAZARO CARDENAS A UN LADO DEL DEPORTIVO,92600,"HUAYACOCOTLA,VER.",VERACRUZ,09/02/2023,09/02/2026
177,7,35,ACTIVO,76,D-I-76,ACTIVA,1,TOTUTLA,AV. VENUSTIANO CARRANZA,94050,TOTUTLA,VERACRUZ,07/02/2023,09/02/2026
178,7,35,ACTIVO,42,D-I-42,ACTIVA,1,PASO DEL MACHO,"AV. PASO DEL MACHO S/N,  FRACCIONAMIENTO MORENO",94970,PASO DEL MACHO,VERACRUZ,08/02/2023,08/02/2026
179,9,35,ACTIVO,15,D-I-15,ACTIVA,1,COSAMALOAPAN,"NICOLAS BRAVO NUMERO 1002, ENTRE DEMETRIO CAZARIN Y LAS CONCHAS, COLONIA CENTRO",95400,COSAMALOAPAN,VERACRUZ,10/02/2023,10/02/2025
180,9,19,ACTIVO,2,D-III-02,ACTIVA,3,TIERRA BLANCA,MORELOS ESQUINA AGRARISTA COLONIA HOJA DE MAÍZ,95110,TIERRA BLANCA,VERACRUZ,17/02/2023,17/02/2026
181,2,29,JUBILADO,12,D-IV-12,ACTIVA,4,NARANJOS,"BENITO JUÁREZ 855, COL. PROGRESO",92380,NARANJOS,VERACRUZ,13/02/2023,13/02/2025
182,11,29,JUBILADO,25,D-IV-25,ACTIVA,4,MINATITLAN,"QUETZALCÓATL #2, UH. CUALIPAN, COL. NUEVA MINA",96760,MINATITLAN,VERACRUZ,17/02/2023,17/02/2026
183,11,29,JUBILADO,19,D-IV-19,ACTIVA,4,COATZACOALCOS,"AZAHARES 32, ESQUINA CON JACARANDAS, FOVISSSTE 3",96558,COATZACOALCOS,VERACRUZ,15/02/2023,15/02/2026
184,3,29,JUBILADO,10,D-IV-10,ACTIVA,4,POZA RICA,NARCISO MENDOZA NO. 112  COL. TAJÍN,93330,POZA RICA,VERACRUZ,16/02/2023,16/02/2023
185,3,29,JUBILADO,31,D-IV-31,ACTIVA,4,TIHUATLAN,MAESTROS VERACRUZANOS  ESQ. RAFAEL ARREOLA S/N,92900,TIHUATALA,VERACRUZ,08/02/2023,08/02/2025
186,3,29,JUBILADO,15,D-IV-15,ACTIVA,4,PAPANTLA,"CALLE SALVADOR DÍAZ MIRÓN, ESQUINA DE CARRIL",93400,PAPANTLA,VERACRUZ,08/02/2023,06/02/2026
187,3,6,CT,1,C.T.01,ACTIVA,5,PAPANTLA,CENTENARIO #100,93400,PAPANTLA,VERACRUZ,10/02/2023,10/02/2025
188,11,37,CT,30,C.T.30,ACTIVA,5,MINATITLÁN,"AV. CONSTITUCIÓN S/N, COL 20 DE NOVIEMBRE",96739,MINATITLÁN,VERACRUZ,16/02/2023,16/02/2026
189,11,19,CT,25,C.T.25,ACTIVA,5,ACAYUCAN,"SAN FELIPE DE JESUS 102, FRACCIONAMIENTO SANTA CRUZ",96173,SOCONUSCO,VERACRUZ,16/02/2023,16/02/2026
190,11,21,CT,26,C.T.26,ACTIVA,5,ACAYUCAN,OCAMPO SUR # 56,96049,ACAYUCAN,VERACRUZ,16/02/2023,16/02/2026
228,2,42,CT,8,C.T.08,ACTIVA,5,TUXPAN,BLVD. MANUEL MAPLES ARCE S/N EJIDO LA CALZADA,92880,TUXPAN,VERACRUZ,22/03/2023,22/03/2026
237,2,29,JUBILADO,36,D-IV-36,ACTIVA,4,TAMIAHUA,"AV. CUAUTHEMOC #57, COL. DEL VALLE",92875,TUXPAN,VERACRUZ,13/03/2023,13/03/2026
238,5,27,ACTIVO,62,D-I-62,ACTIVA,1,XALAPA,BENITO JUÁREZ 13,91300,BANDERILLA,VERACRUZ,24/03/2023,25/03/2026
239,5,19,ACTIVO,14,D-III-14,ACTIVA,3,XALAPA,PRIVADA 18 DE JULIO 2,91140,XALAPA,VERACRUZ,24/03/2023,24/03/2026
240,5,10,ACTIVO,2,D-II-02,ACTIVA,2,XALAPA,ZONA UNIVERSITARIA,91000,XALAPA,VERACRUZ,24/03/2023,24/03/2026
241,5,3,ACTIVO,9,D-III-09,ACTIVA,3,XALAPA,XANATH #8 COLONIA ELECTRICISTAS,91060,XALAPA,VERACRUZ,24/03/2023,24/03/2026
242,5,8,ACTIVO,56,D-II-56,ACTIVA,2,XALAPA,CIRCUITO GONZALO AGUIRRE BELTRÁN S/N,91000,XALAPA,VERACRUZ,24/03/2023,24/03/2026
243,5,35,ACTIVO,47,D-I-47,ACTIVA,1,LAS VIGAS DE RAMIREZ,CALLE 2 DE ABRIL S/N COLONIA CENTRO,91330,LAS VIGAS DE RAMIREZ,VERACRUZ,24/03/2023,24/03/2026
245,9,19,ACTIVO,7,D-III-07,ACTIVA,3,ALVARADO,PARQUE 15 DE OCTUBRE S/N,95270,ALVARADO,VERACRUZ,24/03/2023,24/03/2026
253,6,39,ACTIVO,5,D-II-05,ACTIVA,2,VERACRUZ,CALLE RIO GRIJALVA #212B LAS VEGAS II,94297,BOCA DEL RIO,VERACRUZ,26/04/2023,26/04/2026
273,9,39,ACTIVO,30,D-II-30,ACTIVA,2,COSAMALOAPAN,PRIMERA PRIVADA 16 DE SEPTIEMBRE N. 114,95420,COSAMALOAPAN,VERACRUZ,24/03/2023,24/03/2026
274,1,29,JUBILADO,23,D-IV-23,ACTIVA,4,PANUCO,CALLE AYUNTAMIENTO,93998,PANUCO,VERACRUZ,31/05/2023,31/05/2026
276,11,34,ACTIVO,82,D-I-82,ACTIVA,1,MINATITLÁN,CONOCIDA,0,MINATITLÁN,VERACRUZ,08/05/2024,08/05/2024
277,7,36,CT,2,C.T.02,ACTIVA,5,HUATUSCO,EMPTY,0,HUATUSCO,VERACRUZ,13/05/2024,13/05/2027
280,1,39,ACTIVO,18,D-II-18,ACTIVA,2,CHICONTEPEC,EMPTY,0,CHICONTEPEC,VERACRUZ,13/05/2024,13/05/2027
281,3,35,ACTIVO,4,D-I-04,ACTIVA,1,ALAMO,EMPTY,0,ALAMO,VERACRUZ,13/05/2024,13/05/2027
282,10,19,ACTIVO,19,D-III-19,ACTIVA,3,SAN ANDRES TUXTLA,EMPTY,0,SAN ANDRES TUXTLA,VERACRUZ,13/05/2024,13/05/2027
284,6,41,CT,17,C.T.17,ACTIVA,5,VERACRUZ,EMPTY,0,VERACRUZ,VERACRUZ,14/05/2024,14/05/2024
285,6,40,ACTIVO,40,D-II-40,ACTIVA,2,VERACRUZ,EMPTY,0,VERACRUZ,VERACRUZ,14/05/2024,14/05/2024
286,6,36,ACTIVO,49,D-II-49,ACTIVA,2,VERACRUZ,ESCRITORES MEXICANOS S/N ESQUINA CERVANTES SAAVEDRA,91714,VERACRUZ,VERACRUZ,24/03/2023,24/03/2026
287,1,29,JUBILADO,11,D-IV-11,ACTIVA,4,TEMPOAL,EMPTY,0,TEMPOAL,VERACRUZ,14/05/2024,14/05/2024
288,1,29,JUBILADO,22,D-IV-22,ACTIVA,4,CHICONTEPEC,EMPTY,0,CHICONTEPEC,VERACRUZ,14/05/2024,14/05/2024
289,1,29,JUBILADO,35,D-IV-35,ACTIVA,4,PUEBLO VIEJO,PUEBLO VIEJO,92123,TANTOYUCA,VERACRUZ,23/04/2023,23/04/2026
290,1,29,JUBILADO,37,D-IV-37,ACTIVA,4,PLATON SANCHEZ,EMPTY,0,PLATON SANCHEZ,VERACRUZ,14/05/2024,14/05/2024
291,3,37,ACTIVO,7,D-II-07,ACTIVA,2,POZA RICA,EMPTY,0,POZA RICA,VERACRUZ,15/05/2024,15/05/2024
292,3,39,ACTIVO,33,D-II-33,ACTIVA,2,POZA RICA,EMPTY,0,POZA RICA,VERACRUZ,15/05/2024,15/05/2024
293,3,29,JUBILADO,14,D-IV-14,ACTIVA,4,ALAMO,EMPTY,0,ALAMO,VERACRUZ,15/05/2024,15/05/2024
294,3,29,JUBILADO,24,D-IV-24,ACTIVA,4,GUTIERREZ ZAMORA,EMPTY,0,GUTIERREZ ZAMORA,VERACRUZ,15/05/2024,15/05/2024
295,5,23,CT,18,C.T.18,ACTIVA,5,XALAPA,JUAN ESCUTIA 2,91000,XALAPA,VERACRUZ,15/05/2024,15/05/2024
296,6,6,CT,6,C.T.06,ACTIVA,5,CARDEL,CALLE JAZMIN ENTRE ROBLE Y CAOBA COL. VICENTE LOPEZ,91680,CARDEL,VERACRUZ,16/02/2023,26/02/2025
297,6,16,CT,11,C.T.11,ACTIVA,5,VERACRUZ,ESTEBAN MORALES COL. CENTRO,91700,VERACRUZ,VERACRUZ,15/05/2024,15/05/2024
298,6,11,CT,15,C.T.15,ACTIVA,5,VERACRUZ,"C. ESTEBAN MORALES NO. 490 CENTRO, VER.",91709,VERACRUZ,VERACRUZ,15/04/2023,15/04/2026
299,6,26,CT,22,C.T.22,ACTIVA,5,VERACRUZ,EMPTY,0,VERACRUZ,VERACRUZ,15/05/2024,15/05/2024
300,6,28,ACTIVO,6,D-II-06,ACTIVA,2,VERACRUZ,EMPTY,0,VERACRUZ,VERACRUZ,15/05/2024,15/05/2024
301,6,19,ACTIVO,6,D-III-06,ACTIVA,3,VERACRUZ,EMPTY,0,VERACRUZ,VERACRUZ,15/05/2024,15/05/2024
302,6,29,JUBILADO,1,D-IV-01,ACTIVA,4,VERACRUZ,EMPTY,0,VERACRUZ,VERACRUZ,15/05/2024,15/05/2024
303,6,29,JUBILADO,27,D-IV-27,ACTIVA,4,BOCA DEL RIO,EMPTY,0,BOCA DEL RIO,VERACRUZ,15/05/2024,08/05/2024
304,6,29,JUBILADO,30,D-IV-30,ACTIVA,4,PIEDRAS NEGRAS,EMPTY,0,PIEDRAS NEGRAS,VERACRUZ,15/05/2024,15/05/2024
305,8,35,ACTIVO,37,D-I-27,ACTIVA,1,IXTACZOQUITLAN,"NORTE 2, EDIFICIO PARROQUIA 2° PISO DEPT. 4, COL. CENTRO",94300,ORIZABA,VERACRUZ,09/02/2023,09/02/2024
306,8,37,ACTIVO,36,D-II-36,ACTIVA,2,ORIZABA,EMPTY,0,ORIZABA,VERACRUZ,12/07/2019,12/07/2022
307,8,19,ACTIVO,10,D-III-10,ACTIVA,3,CIUDAD MENDOZA,EMPTY,0,CIUDAD MENDOZA,VERACRUZ,09/02/2023,09/02/2026
308,8,29,JUBILADO,4,D-IV-04,ACTIVA,4,CIUDAD MENDOZA,EMPTY,0,CIUDAD MENDOZA,VERACRUZ,10/02/2023,10/02/2026
309,9,35,ACTIVO,70,D-I-70,ACTIVA,1,TRES VALLES,"ESC. PRIM. ""18 DE MARZO"" CALLE:  BENITO JUÁREZ #102",95300,TRES VALLES,VERACRUZ,24/03/2023,24/03/2026
310,9,37,ACTIVO,8,D-II-08,ACTIVA,2,COSAMALOAPAN,EMPTY,0,COSAMALOAPAN,VERACRUZ,08/02/2023,08/02/2026
311,9,19,ACTIVO,20,D-III-20,ACTIVA,3,COSAMALOAPAN,AV MANUEL CARPIO S/N,95400,COSAMALOAPAN DE CARPIO,VERACRUZ,23/03/2023,23/03/2026
312,9,29,JUBILADO,29,D-IV-29,ACTIVA,4,TIERRA BLANCA,EMPTY,0,TIERRA BLANCA,VERACRUZ,15/05/2024,15/05/2024
313,9,29,JUBILADO,34,D-IV-34,ACTIVA,4,TLACOTALPAN,AV 5 DE MAYO 89,95460,TLACOTALPAN,VERACRUZ,09/03/2023,09/03/2026
314,11,35,ACTIVO,13,D-I-13,ACTIVA,1,COATZACOALCOS,"ZARAGOZA 404 ALTOS, COL. CENTRO",96400,COATZACOALCOS,VERACRUZ,29/03/2023,29/03/2026
315,11,36,ACTIVO,11,D-II-11,ACTIVA,2,COATZACOALCOS,EMPTY,0,COATZACOALCOS,VERACRUZ,03/06/2022,03/06/2025
316,11,40,ACTIVO,39,D-II-39,ACTIVA,2,ACAYUCAN,EMPTY,0,ACAYUCAN,VERACRUZ,15/05/2024,15/05/2024
317,11,29,JUBILADO,20,D-IV-20,ACTIVA,4,ACAYUCAN,EMPTY,0,ACAYUCAN,VERACRUZ,14/02/2023,14/02/2026
318,6,35,ACTIVO,50,D-I-50,ACTIVA,1,SOLEDAD DE DOBLADO,"PROL. FRANCISCO JAVIER MINA, NO. 470. COL. LOS PINOS.",94244,SOLEDAD DE DOBLADO,VERACRUZ,28/03/2023,28/03/2026
332,6,35,ACTIVO,73,D-I-73,ACTIVA,1,PASO DE OVEJAS,PASO DE OVEJAS,91675,VERACRUZ,VERACRUZ,24/03/2023,23/03/2026
333,5,39,CT,4,C.T.04,ACTIVA,5,JACARANDAS,"CALLE 3, NO. 120. FRACC. CINCUENTENARIO",91639,"JACARANDAS, MPIO. E. ZAPATA",VERACRUZ,04/11/2024,04/11/2028
334,7,39,CT,12,C.T.12,ACTIVA,5,HUATUSCO,HUATUSCO,94100,HUATUSCO,VERACRUZ,28/10/2024,28/12/2027
335,7,39,CT,16,C.T.16,ACTIVA,5,CóRDOBA,AV. 23 CALLE 37 Y 39 # 3705 COLONIA LóPEZ ARIAS,94670,CóRDOBA,VERACRUZ,29/10/2024,29/10/2027
336,6,35,ACTIVO,95,D-I-95,ACTIVA,1,MANLIO FABIO ALTAMIRANO,MANLIO FABIO ALTAMIRANO,94250,VERACRUZ,VERACRUZ,25/02/2025,25/02/2028
